---------------------------------------------Organisation---------------------------------------------
--Acme ORG
INSERT INTO mlcppapp_test.organisation
("id", "status", "serviceId", "name", "websiteUrl", "primaryDomain", "signupKey", "key", "bffRegistered", "logoThumbnail", "welcomeMessageTemplate")
VALUES('cd0bcea6-551d-11ed-bdc3-0242ac120002', 'active', NULL, 'ACME', 'https://www.acme.com', '@gmail.com', 'abcd1234', 'acme', false, 'data:image/png;base64,iVBORw0KGgoAAAANSUhEUgAAAOEAAADgCAMAAADCMfHtAAAB+1BMVEX////Vkjf/1jb91Jb6uKr/6Mj///3UkjjVkjX/1Tf91JX/1zbXkzfTkzb/2Tb//v8AHi719vYAFSQAGyT/2JrWlDMAGib6uKjRkzf/7Mz/3Df90pbXlzcYJS4AGycNHiYhLDNvdXfIyswAFB0RJi8AFSkADh3OkT0LHCZdTDTp6elvdnfY2tscKi9ZYGUOIzAAAB2tsLGeoqUAABKEZTO0gDkAFhu7iToxMi9CSk+sejabcTh7XjNCPS1sVzO2uLqEioyQbDlkUjgzOTtRQzIAHyMdKikAAA8AHjKyrpsAABpGUVmOk5W6jDnySk8aKjfoyDguNifqyZVjXlMADy3FrYQmKSEyPkoRHBhxXTGvhT0jHxVkZmlRRiVIOCAaHx09OjKQajGCajx4WjlmXDvbmVfqpnriqJCwhHeIal1eRyL1s5TZpqCNbGtSTU+kg3hIREN4aWmQeXV6Vyg2MSHmrqa+mZVIQk+reClSS0OfcSmogkxua2PElYSYlYTayrCEWxqHg3jCt6G/qTqKey9CQR9dLz6fPkXn1r9YVSF3bjFONDimlTvUuDgnLxlVXGiWQkuvmTAAFwV+PUbURk1vajq+R0v9Sk9QHjAyKjCXNTyCMj47Hi6MgCHcQ0mJeVpjXkwAAC27qkLWtoGIgUShjWeAclfosmLBoXCAIOKeAAAgAElEQVR4nO19jV8aZ7Y/xIQZ4BkEZHTEGRlgcAAZJhDIDO8gSEw0HTQxVtY0mOTe395smtqX9FfTbHJTzW6S1d31btP93Zc0brK6+2f+nmd4ERTRNoq5/eQ0aRs0Ml/Oec77c45G84E+0Af6QB/oA32gD/SBPtAvmnTwl+6kH+J4yeL3W076GY6RLGHFfe3GSD7jP+knOSYKzH0ckXg+Ou+eC/8iGenP3ygDQOEYLfn6gwHNL+88To0kaFwLCQA+6c27Tvp5jpz8oo/EVYRaLQ5yDkfgpJ/oqCl8PgqwGkIMw5LjzC9M31gmU7y2iagxLvYLggiVSsA7TzYBxAAv9zl7T/rBjoos0I8JWxPNCLVAG+fcoV+KQkUWfqEoNQPU4lo6LeZ/KdpmKqSxxFIY1owQw3FJNo+e9KMdES04NS7Rp21BqNUSIKkwvwwm+n9V0ISsSUC0IsRISWYWTvrhjoB0mtB1nybbnyDxVoTQ7o8pjsAvQNdYYpFPNDGu3KxKQZWiHOM86cc7Agp/XL5hYVkJnkMMAxAcTfFSNB6PP3iQkJWR//1RRmBuTJoMcBUJ0wIMYFIi6StUZEYoypAqFTnonHK9j87NoXMRlgUhuhh2eVM8oPlv51MKV0ndiSTKUjkaT3x782bat1mRY07Xe8nKQ4HMetL8J67wsI8qJ4WJoi8X5TE+uphM+wrp+cWcwFhdfn8g8F6xMRDOOp3OqcyhPvVwf4WPippJplLxCDfLPM0vpqf7UzcTUZ4EgKQKrCN03A/8U0in6c3kR7wOBpJ3JBbydxZX6I2OMHFwfaqX49h0lAbRiOyppOMUDcERFEbg2C2Fcb5H2TedxjXnETl5uugQOZZlvWy2s08S7utLkN8oWaWwCLkXqUxUIhLiHSDRvwCGERH4cyzvD0LNlJcrQPni+WgimRIUhXXks5CPve0fsXfKweUAn4Ls40npliynJR4aivi3uUgklyiX4Z9AnGPd/vcFYa9l1J1P8KqpxoGWL6dlhHEuZGmvc3qz/VwEULm0RAEqIlQi5XJuLJVnObNZRMTKFV/yJsM6wt1Gsi9lrXKUJOv+M04AKSkrLOsOthVVS7afzZHYNxJBkNGUcDuZnhZYOVXwjY35fIVURRYUUYE4WSH4vujRkLUShUcHkYoQx3DAR1iFZRxTe9ioswStcpzWYgTUKTmOS32STMShfNfcNdWtSeSuyxwnsIzgdOmgyjppYfULQhlUfcodF5qkpaTCKXtzg5Z7fRUJVJm96MtJPKBwiKzFNSUIwEcjBU5UGGs+c/IVjaA5QuIkJIKCfFGfFtdiFAV1iFlR3M4W82hZ8ozxVTwYxdMkQeDwr+2KDykCCjAJ+FyKYwVr7KQTqC5oukn8X/71N//nt7/+t7E7kThPkARGQYEFVLzAKUy+SeNAEU1SAKtH8yonsV0BMMop1oIovuyDP4DJ7qOyukSjfTnwL78ZOI3+OX3/7qf3rvkSdS4BPlEQmfFgnQuWUU+E2B0NdiAcfUgMy0yeXMTfq/OPFKV/PV0lCBKi/O29YTkpEQDDIQF+MSUyDid6RBjy9iXpPRxr5h3WylCc0JJ8ThYE1nVSXOyFirTwG4RthwZOf33PzCZ5mlA5SVKJCjfOOQM6nX9ujOrAMWwPQpXA5QIneE/sMOqcfZ+d3kMDn7FmOUGrBw7DIMaCMOzO+sO/ksiDWEjseRkq1jTHOk4KooWx3t2LEB7Iz4c532VQS6MBIN0seoYVaOgJLdiDYYddErX3lELU1E2zkD8h8+93W9sBhPQ1KwrxOhroA9DQmSumJdBJ0YBv4nt5iGEUQUY4IXgysXCoP98WH1Q5d5c4JtIwDYh3fDw5FpHaQoSWg4DfIuXovVJK8SQFbnH9J+OmZvs/34eHVUmF1q+JRTAukqJtBBHBoAj4WfDze3mopRKEFud93NyJyKmz/4t9EQ6c/pTj0ry2KaeNQx9G2xYhH8VoaD99/N6v0V/yWoJMCN7sCQDsbatKGwhPfyGKab4JEcLaVkpxbVwiKW00tRchgaUlaFgjUKGeRMA42gEhwvjFsDK/92i1QyiloZOaSO21JhjlixLkt5HLxRMJGDsjhPTp+ESObmPH90DkCzxGj41he1nM+yTAX5PoNJd/DxEOnP6cE8tkG/2xm6hCHEjc3iKGFobJGJ9KApDgxk/A7Hc6hyrCgfv3OFnC27BmD8IEXZje4/RgWnre961coDBcKjqmug4Qapr9dWkN411BTBMHchHwlUTEvLg7VtRSuCQXhTRPYATmY2LvI0LopDq4xO4a4V6EklCYmKd2n1gco27NOYO+KE0QdJK70H2T6Bze3+I3juI9DgbJnQFidIITfZcxgOOt8RNIKDDyCl1IYAQR5/q7fhB1TnHpIISnT98VuNwBCHFy3jqZDRbTURpvjrAw4hO1pB92Q49WErzhrseJWabvYIRQn8pSh5BCi3yaCipTWKZG5luOIo6NV7VLMMXjRMU71XWEU47z9wcORHiX5RY7G0V8caFas3KxnzQ7QTg1UjXzAWuCJHziQtfzbi53392DEZ7+XExRRAdlA/iv6v6KS0k1HVqccqtf6IVMxIikGOt6LcPvFg9wahANfD1clEAHHoLo+ZoO0WkyZ8egbag3K1Lj2eoXMuejdEJkux4kWhjuQGUK6f6SGOmIMD5S15I6TdYaIRsalbhWa1mw5CN02cx0H2FMOIQyRbqm0BFh4lwDoc7CstGG/QSFemwfvE5LJ4BQk3Vw9/fFdbeRw/mMK2Id8mwg3hzBZ6y+OkIcJK01K5/5iqc8J4Aw5BC/3lc2ma/rWuhuHyd10jRRJtv4kTpNcKfJBspvpvpyQJYw4QQQBtzMPgdx4PSVvq93wIrRDs43kORgw9LpNK7hZN18Enwduz8fBbJyAukoRrjXVkwHBu6OF3/dQMiK8U42n0+xTS5nb7BSKwxoKfqTySoqSyxOF+ZOoPI9yjjaZkyhdine/rQJYbkDQhykW1xOl7X+eRB0zlqtWliCD0hf8AQqbSEv90Vbm39/Sc4t1RyegfuC2D6NWCMy3t/cyGaJJWmifkQ/rrad6BDCfbrdLMcZc/hF4V57PTM8LY3XDuLA3T65YyYD5yv55iM2da3hnmKFoApQ43xAFtqFwP5w5nj7imIC1z6xbxXAWP6+eiQHPu1Ld44uQLIv0/RDA+ekehkO5PJ+VQtBhL9qzkWpAusPB8PHHTRCMf20LcJxkZeu/d/7al0xJvNtM8ENHuJlb7Dph1oma/dokJ69kQlUEQJ3puWtLZnJhS5EjH5WyLfTpki5kPEi+8XXd79eKsbJzqkaHPNZd+qgUCSTdYRa+vqCGiOOPqAuNCP0T+VRY1IXbi44Ba5dhe30gjkCQNTHDrPyWBQ/KKEIvrVmm35o+Kt6DQcjvxXVXHD2AQER1gEhfN3Kabgc7XXNZ+YKTxB8NBrl6QMBagGVutCU0/afb5TDCT4loNac7DegEWNZwnOj3bvlpgsyTDtdc1/kcjRFoO6MjjW1KlFkopmJOjPfcGtARHRPqQhvKhl/IDQ1FZ5cCHSzCyXkbhtCDXwxXoweJhlcFUbAV87viJ1ubifvgUsCB0/i1DcYn3Kfu+T29lsdzq5m3WAIZW5rMJbFYgIcgn8qDIwsI6sfqjEGas76lwg6zcUsmikeJ2kpKn1byS2m+tmu9mdkzgtt3e+BK8NcIcFTJLn71kg7JuLkrRGXn9FULf/Uv+/wUCtxbovmkSTF4xKxmJZIwI91N9y3TDJ9X7dx3QYGfr1kNstfjd2UDsgmqgSVTTDE+LPqzwztINSSRPqS3xVcfvgwyFYSJKAocFnu62olyuVWlk63z0j99t8+v3dvItk5mVjjIigLc0LMrTInAxGifin4i4BfKD559PjZ4OCzJ2IE9T8QICnmNbpeC7rlbunGZT4nN94hI3VXSfGHOo30IsfW+kpdECGGo6IxlHEpnX/46NmZwTOPB4NfQfWM8dJNhXEuBGNz+blYcME5mg0fc1e/3yEI+6YVB+7nhfJBCkftFsKoNMcKakAY+HcSAZGi8Wg0zU5OhZzWJ4Nnzgw+YaVoxIf6pNiYMwudblcgEPCrdLysDPcJS/snbO6JY6BTvhQSAWURaEnex7EXkJoMfJlIFs6PxJ48mhyZRM6nbpJ5jBBy09O3I4lotNjtIsYoI+6bVxz4QpSlNu1OuxBGFxejADowjpDGEpo8N/fk4uPBwcHHjqpLHuLyz858dzEmS4CkacALXUao88cY8dN9tM3AXY5LHmT7IQ95PplaLMtidmpk6QnUK1AqzwxeQanUXpfTyz1EUrqEsueEloz2ubvbsajTuARW/GIfiKfvCUX+EOoUB9K8fFtwPPxORXdGRSjGRp0xBqqgx4NnBh8PR6oNyQnRvc9VgHYPdxQIdZqMo22QodKnHBc50CSiRm8Si18zX2zggwi/8zIMA/WKQ1U0D69Jar8K5uPm9nnyllcDzuBCOGCpPeI7YtRMOVjms/ZMvM+yMo/j++lTnMAwAvC5+RwPbZ8cfLaD8Mzgo7wXIhQfQqkd/E7MofQGBiTZ2y6joYKw+DOhgN+is1gCU6mV9dWn1skssiVH4Kln3ayjLRcHTn8uiEm6bZgPGUdQ6EJJrvi73/+ukr4VGXMELz5ugvjs0ZJovfIM/R87T6gN1kSS2+eqcK9rKnhp5OMLnsmFoHL2+brJbjetvLh2aW4q8O7WBBVVBLFdYX9g4K6VFaTW2ieBEzRZvXgoc2YrI/7ho48++sFx+zIfuXpxcLCZjYMX0QuDF90RqGQgv8HlPLe7a0HlkGu0ePbS07X10vrai+vza+t2o/HUqVMme2nl1R8v/OndI0oI8Tw7fu/+wG5RhS98zgi+Jh7ikHcYH88VxoupNDRvPCWN//kjBHE8B53O5RaEUMEMPvvuUfHhozjqt8EI2sd5M3ve3jV19tLZ22slO8RlgryD3DtVJb3JDv/Z+I+jsC9hqG7y7bzwu8OsmANNLOQX59PJXJxHMTJBEkCa+D1C+NHvxxP0HeHx42Y5vXjlyZMnF58NPnqAWsgIKsEwwWZ+QPmDFtQzcntt3WQy6WuwThmNevQv+FJpvWTS21f+dBSenYtlWObTNqXvzzlFjjZKbPyDeJSH4gadObWdD8clcxXhR38Wc2kz9EJ3GPhwCckotBULURygLqlrLNsscTqdJTR36emrdb3JqCKDGPV6BBTBgxK7ulHSG/Wm0h/3Mv4nk04TmPSy3NKegtTAfVZQCg0HnIJedYuBxPjiXz766HuVi3/guOWLzwar9PgJs1CFO3jmHMpJQrdHGWkJnXpdsekXkEun9MZTTWSEkrq+8eLli5USYuepU/bVuSNgok5jyTpYhftczQU3Y/yMY7lbjdsIGLErvUilmR8/+vG/EMbv//wHoU94+OTRxUdPHp7LPxqsm8avoNoFfFrxOluNHoMOn70mm/WjZ9Kvr758CuHBLxjVl43rwhHNFHGxDpZjP72/y8P5nGGFBL1Puz4M5M2//+tfv//vHxAbf/z+hx++/+E/Hy7fe/LdjnF8CMNMnE6K4u6e7/CqfWVjvWSEQqoKqBGyDNpBqFShjmliqvF57IgSdJasmxFE9xet2Zv7eYblyvAotjOLUGhzDET3419+hzD+9a8fff//Hg22qNRnExLQEkmR2d2RobME1+2l1WsvV6qMNBkhPMQ8ZCv0+gZCvXHl7JHdLg44RyCcvnufNZmOgbssywrRdj1uODSPVLqo/P7Hj/76/e/+8y9//q///p/xi80GAwVOBVpLJTnH5O4iInSKX9n1dojr+QY0EPr1tQ0otUjrnNqBp/6h9HTuiACi4UELXiiVDHvv67v36yfya4FV2HI7OQXQWZvnc8X/+fMP3//4w1+CqnFoBfgMfjjUvDK8sPdSo8b/3I7sglEP1Q08dFBcW3ROA6F99eoRqNPqmyKM2fx5QRA4duneF5/9FtFnS+PQQY23pMBRrxRB8mkfjPugazot5h8+uXim1eKrCB9ep/m06JjaWwbW6fxP7ao4qhpFr28Hrwpx3XNUJ7FK/sxC3sFBkFxfX7/bfY4bnfKygpzAmlqBAY5TfDzlQ7MUIsmCsPx4LzrV6t+Q+MIwm2njXfZqQtdN+4DaRcbbI0cYOFcLfK7sZCwPD2A+FgwHkNMDBTW3YylwKpqbn66kUnJRZmOxh9+daYcPOd2L5YqI6hdtWGCJrR4W4YbnKOdsNcIViz8QqCv4EAqF0tSOdyPx8/M8wUN6PdiWfSrCe9dzRSUfcu2V0V6NzjmyUvfVoOvSEWKJOf7cgCvPsUrqcuNOFH8nge65Yxh5+eE++GCk71gyF64XPR6Hc7eq0PWOep6bGkdPX9rvFKIvGo0vPNnjRqjzL7gFVsjVLgzxySipJbQYBWPgB+0hDj674hXlBKD5xBgjetmme7fwv/7Jq4WS3tRwZjY6M3HFzPiPvazaG4LuOVeIAlJLSgkeEDSNrkrjOLF479kejDCyXzKzER5pJ5KMphnFkQ/tyGpYufqypAYQh0Nod3jDXSgc+0cFhivOS4CKovk05UQkB2NEAOjE8ne7zOCZ7x6Kchp+p5q+0JJE2ScyXnS3GI3mDU1eur1ihKZwZfXVuiqe+ldNUgqNpMlk1DfbfdPqRKwrRZ2AMw8lD10YluYrDKcoHJvKSTRd/uoJZGPd1x58dvGeWZ6XKAonq/0n0LujFvPohjfq0HB9/AK6nqdMpefP37x5UYLmUG9aMzbgQf+tBEND6L3toDauK31HZfUPIH94UvDcmI/InCIIEKECzUhSovk7+UfVyOnMs4sP+/tTOR4jsbikJmhqHp5UUFhHzKXTZF/ZobNtLD1dsxtNpZIKaq3UYJd+43axOP10tdTERKMpJXZnVho6SYFMloXwknFIuRSjsCIbocnoneLDR48ePYl5+r7KRWmghlqRONjp3wRUhFEE95S/so40jH1t1X4KuWtVKawrUwj86ioMG+16GB9CZVt9WW9fFbs58C7DKD4ejWIgoMuG2CmmxubHKm4PUxmLxKESIlTOYQAkF3ecPYyk4xVO8XIvq7HEi3W7sZ67sK+WaqrG9GK6VPW/jVCO12txlB5Gid28XpRXUjxiEbqFh9N8ToayelOSJJ4iAVSuVO0WDaAexH3JncvsFIz002bFvKHyxb6RWntRarBovYrQtH52xzTqTStvqjbTaNJfV/JdKyAHGC5JV+NFHGVsSMnHsVwSWgYMAzRUnAgTjoaa9ntlIQJDfLzuruNYoiJUIej1KxuNw4cQqvw0bUw3Rb+Qow3erolM16o6GS/3bVO2H8NJPgIhwjgD8PEElFLVK8Do5NbM1rIZJbx3ohIAbj2v8ki1hsYGwpoHZ18rtiBcXzXW/491dG2kX8jLRZsQqpyLMCxTKfO3N+8JqUUeR7qT+sRmMPS85phEUwULo5g3VSzVJMxuhKaVv62bmmyj/Y/1qEr/XGC7hTDs4Mq7chpAm2NhhDU2Y7PNbFsLPEDzNQo2w5DBNmtmm7pUQcJTahPo2lc3ah5caXq62Ue1F+sI7WsTXRtDEXJw3+6uf1MgUVQEcQuyzTbbL0chRPIORNgzZJsdTtWLdJgWFF7q9+BD1mKtihD6OX+bhkq2xmDTerH+7cZS97RpxiHm9pZOgVThWOu2zTZke8sV4wBgX84YeiDZNs3ztVoyRfN/a+uB2l+t1b1w+9pVz99r+Sij/eWL+rcbTS/Ebl3WdAncHWJv2oa8PCayE5szBoNhJl+M0+RiFaFhhhXL1WlUWjI5XmoD8JTp1atGnGFfT11lX74plaA5fHl1veHOmdYmRrpk9P2sUKDaJVCpCCdwy2+hcM5cKSboxZmhHpWJ22IF2k/k5lCVl23TTfbVGkI9jKiMpbWnV6+yldS0WFdLVTFl+rs1bzomtL+aiNOJiiJWZqGg9mxVbr/uqSI0vGXFJLSS0KuJ/m3D2O4c2ldXTU2v20srq9dTqaerO24POqK3J7JdQhhGl4TbICQAkHyMwkB9M2SbeTtkqCGETJTVC9/g1kRbIYWapgUhqrPpSyV765E1bZi75dbAg3hrnxYGNPSNG96esSFk6jGE/+2ZFZU0jJwBL7y0t2Mh9F1aENZ4ZjzVwnB96aq7O/2bOk2QaTMLoy6pUopDklqDVz2JVxQGGkWQm1jZA6SK8OWr9l9o+SZj6iizih1pysvu02aLUwT04caV/i0blM6hGkLD1rByE2ipQrFUZYtqC5of/vnawQihIfF0yyL6WS4H9h9xRpcLohnp1AYTZ/ICS5Fl5mX1ZKFEvqlZAtsh3KNzjaaV40+51ckpfoV1uItBUjBqZLd6GhCHtjn4mcx7qubetHJbvr1iUvNQVVzGp3sR7k3zm1bOdg2hy821rdVUCdMSZNTHmTffGqrq1GCYNQsFvlJRXU7ThmPpupxaWXsDg8I6wo0WhKiguLG6K4lqhDFi12aiW4LmdKfWTBw6bQlZZF6rShX5NYxSTMPoHvmaa46bFIiaV0qr3helmjeaalZBehN62f5mfZe1WDvbpWwUosyIwHeEiKLGpGDOI41jGBrq2RZZduKN6ZTJtGZOAkDx8pod+tVVP9xYml7ZQaM3rkOOmkx/b+Gh3mic7uLMd51lcjhxUM8bSZd9fR7Vi+uxbYmCUinp7aUXV30Uaj6BCPWm9asqMoiwiV/G9VW7yV663uqjw28+29XWTZenwu/b8lY7jgQOogWzZxNiNMxYWeWFHer7CbW3g456VkxGo/3pql1FmCrtwLG/+PvKxsuza6ZdCDfM3bgvtUNBc7zTuEGtmiPVAqrsM4sP39psFSSkqxMiGlsD3fDcNMRkLBXXVB6u327OP61dvfo3KLa7PFjjykQ38UEmjvgOMUoKDfssX+e45dlNhi2tXa2UKZQlxukKlERT6UWxql3XbzfZBqNpfWO9VG3RaKbSja5KKXTdHOot4bazL5sQQlHlo2m5X+Fur0yP8agih6PZPSul9bXUdDX8M608b1IqJqNJDfL1rQj1+rXJbl5I0Wlc4i26OiGxbbDYyki+fDN1rQgltPoCWBTk6eL1N6Vqd4LpzQv7qYMI4n7l7OIgGJ1Os6DmhfnFaHUMcSciKABg2NEwMCD9ch0q1jqf1Ax/B0L9blCmN56Pdvfie6Avjqt57LREorn6HTFiastYbdgwDpK5Dfupxkmzv1jpUANGttBkX39xwdntwb29k0kamTZisXhLOvi62855hUo2SqehqmkgfN4+MK6Lp6m09seJrP9dRLS39+dYmswnPKYODo6muHSUAkRHPjYjRGHWreeoG1h/AEI9Smk8/3gujOSz65MLXDeq6RqoSJKcMBY/zN2FHcBUpLJaqnZ52V+0DQ5Rx5R9ffXp2cnQOylRvz+DtniMhgM/dW9qtlibKkHRdLQgioWcWrM4eFafipAgpEJqDWKEjvZa2/wUlM43tz+eCKo9+z8Lm07T6w858+7+6haP80wQ9cYffutMLJ0A9bH8NJ+rcKJ8K4rR+MHmQ6uqHpzKmZ/CoMK4srIbIVKe0D+dPlvbuvFzLyW4Rt1Ws8gxHMOIooLWBowEDx+guG6Uk/UpoARB0OUrjBkyMnKZPNxFYowiyajsWbMbN0q7InqoO0trt8+eZd9h9gL8UFyxc45UMhGVUGuTFE1EUhwnCCMx1yFXGwRT/Jf1GjZUN/iDWduWbOVEJpWTeJKEigdpnvYej3pRBWAYkApXX9nX6yxUU/kmCG/jtufq2aDrnbSL33luLEHRfPxBIvEgypM0SVNSRBYFoX/0EHq5V+Py3qEXm/sVk7O2HtvspsPMicK1dEIi0LKI1h0KewnwqYmVej0NdWDa7etrt0XPpfzUO2YOXXPXJT46/9UNr6Pf0y/IvpxEoYHzSQYK6yFWG+g0k30Jkt+ZI4XzvrcGg6FnaGZrUxwWRa6Yup1Dy1mo2hoMbXOwBTlbe4Uui9PGWsHUbkLJbnain3FmLO90IUinycgJPp6KOUPoLmcgHJzr4yppCV1kKqcYVnCELQfFYqH+1tQ+Li3PVHMytqGZ2c1l1jwh9jFypeC7k0wmb93JAXzndIIHaV9EghYUo7RU4eqK3aQvldbfrF6vTEx4HZPhdx8+7F+OfjOWbbQeanT+cMzMoMH6FMpas6zbecCbBDilNVMDcg9t9cxaj8029HZ2a3tzeQn1cLJsfvkKl2uuV9F8wif4YCiFYWSaK7x4eTtVFKF4e72xpsf62YR2/I2F0WFr4pMlzIpiqkyjbgJZYB2THQ+jZZLj4nRz9Zr6ZMvQQKjy0mCz2WZm3kKambHZtqyLTVqHgiY0XhgfKxOA8gmKSoxXyE8d1d3nQDst7F+AQVyOguHp5Qo8jJ0WNfc6vYqPb2YKkCozzYn8WrLbgJCqx9P22pPYWW0CsdI0L1svfTV/x+pwOLxuN+vMHJ1nvR9zQgIjogGIBO8T2U4rxsJuhUMBxQ5AkFwe2otwh6DkbntuVh0EgHJtfGLs0qQlkx0dDUMKHcE1vENRIOhQUpLazYQu2Wfbvi3UU16WS5PNlo6iKlu2TgghRtv2RJonKZzPpX3TctERC5/ECmGL06pU4gDH6YSssPtMIwnkWaXCt07WLY/PdMSnImSEr8qUliSgf1FOnwg+SLopLyejeU8gnlLY8Vhgj1nSWSahzYw2h/W4lh5bHjoAYY9tcy6UdyQltIsOlCsntfpKh7rWBTRCGPConsuGdx1b9eqwsNh6hw2TUDntIB5uzln8zuHiWCSRSN84yT2CGQGqVIBTWj7CKay3dU+ZThMYYYVbrd4mQUSuvu18CiHCmaU56Ki4gqLVaj2hxRd1cnGCOYmhYUrlIscybjS9qtGFrpsUuDGsNd2NY/KVA4XU8FasdjL7Q+FjH9fWmSCbGBblpilKXYjDet1ol1qNMtD+8FsAAAnmSURBVCNCZXcwj5evHiikPbat/mD38xBtCcZOAUVQxlA/PkmXC1BUGSbvVAeSuFxBhovunqMPIlfbmPvdCLeHF94ThGq6lxW4ggQwHHVU+hSOFZg+jmFZ6Fkpt3BqFw8pH2vraO+RkNoq3vdnIzIKj/OMkkJ1XnjieOlmQWY5jmEUhRUEHg2ladnTwo9vGg5E+Jbtb+QP3gNWoi2lDCvH0fQjaBtJTIonkul0OuITkwCQgGzyuqHp9Bx8DA1bohDotfjRBCVd28RLl2FDdZOH+ibCV/PUFElCWCRNJhkYOMcfJOLSTvALcp7ZA1Spoce2LMxlg+KlkREYILUNALs8yBW+nX/SIYhI36CWX0gkusNUEFiPRxjLJRrqBrI4aZ45CKFhhuHS8URiPiWIIuO9EFS3QDYwwXfLsucuTGa6jDN7AV2tRJtwUa6JT6Q4s5nxLUrqgtzGKcSxMfeBqtTwWmTKAMCPiU+kkeZyqxmvBsDMhLW4vHT+XLZb2HTV3xmWYZUxCeWTqERKUbhURKIIomWZHA6wguOgY2iwyWh2GLocTQBCSgpIZTWPA3fIuX8M2Wa2L4U1vT81M/3zEep6NX4nwylyusxLY0WIT92vixZ6NuW1McCnip0RGoZ6ZofFiPqX0PoaQJevKyzb1+jhCrCV8j8MqFFsy+uczMe6MGHRHwjUBo25gg6OE1Iyw+VvUqDNqMFDIIQQN9Funib1y9+C1tVd5+KoI8HX2m03+65sX/n42LaZwYOBqlCBUceFC+cXXLpedFJczjwrsIpPovG21aVD8NAwO6KktTuijRM4kYQQqxsSdX4lzde08dCsYLPZZvsmjwmhxh92BqcyzEjl9fY1r7se4ThZlovsV1mCZ8s3fhAPNxlGavXWoavHKeqGxF5NeKQceau6DIYh2wjq9988pvan3qkL1qtXNt3yLPwc/zHPjKhmq3fBocjlfafTQYTp/s661DZr5iK7ihmklkzAwEWdlhFMSZtVnwiCk2eGDEOz7mO5jGcJ9ns339q2BPV5Df8oDCNVYFlwiKmOqzpB0vN2qINBNAwtK/KezUMY9IUEwTEK38GTjG/Xm1Ftm+jdZ7wX3qnkuw85HdxrG3Q+Xtfa7cpeQYO0ADT7ZJvrBzsI49Ytw/4Ih2yvHe1Wl2EEGZUFR1jjGolGtqoIDT2G7RlkXPLuI19Fq0MN6q/RVaXlWrhu4FMjfs2Ug0vzZOeeGb643OEg2mZhtEngbVZlYJiU4oRMqEjdma03hRtQzs5gWOo78iVKOj/DbcIfPtSzWTtUhn9EPJkMw81TB3QhACLt6eC2zSxzqf3UFJDSIjuZpD+ZrX1Ehp5ZNYm87MgeLT4NkkYZMW/Itl079D2GB+aFvDh/UCMJfM6yZ9vW09NO2yC9iC4Jtf+LGAWwSHE4CpoQos8KITzyYNLidlTPn+2fPTW19jbOCRDgAS2I6EHpwshsmxgYSoTBtm1mEvtOCYU/myzLFHF9y9YiBIZl5sjXRIX7oQpF71KPZeGnmayI6cP0HWAkz+Rn2h7Foe1hMUFS++6rwSgyGYFB2RVbiwjY8syRr8Vw9m3aarxrILwzlucPs3UcJ0CZyautsi0cNNhmNs0CWhTdobCPNrUSiXyLRTXYWObIDSLj3SUoUEVcjwj8IXtHyLisbNlshp3nHIISupU3V6JUx9YMICXhBxAVWvKthplhZvSIAfrPQ3XYepKGZq/HzR23lDQTES30LW/NDNmq5TSDzTYze2VYSPOA6mRLtXQiCm0Rn5ptEdJZc9sxmT+fdJrA+YldtSPoOqV5c+IwW2W16rJyPlex5jdfz6KK6NvZrc28h/GVtaBzny3g4wSO01ihBWHPa9F7tDfxdBrXeWY3QtvrJJ1KHuYcqhAJHFA5nzDhQWT1eMbldPQQephHppKW5CaEhh7bQ+6IfRqI0M0adiHsuRIhc77DnUNEaFIwZEnuli9VQKMxKfIwDWAYcifouLWFhzN59sKe6WDvSAE3u7vCObS0CKTiAWsedxPASZKGdFAfTSuRaa5F08z2H70q9Z83746AZvIPAF3I/TSE6kJyNDxh//G8bT4WqXil6fNFVzKPfhe0xW3d5VoaZvJxEiSud+4a3UO42kj6UzhIYHRkeLbJVBlmllj30WejJq2zrSyEUvqAxKh0FD/sQo+fSRhOVZZnenYQ2mYnjl5INZop6+tWx6nHcCUHg7pohD5wbDkM8zF11gnkNw4A+kWonV7qeURDT9EXcBxvvzKDLI+/3nH5UHqcO47xCZmRXa4hPA1ooxUW3e9CbJ0F6DIeCdC9C4xX9waU4/HEYuTLL5PJL7/8MrIYj0o8am4j6X2awUFuuFkHGGYZYfLoA3ydpp/Z1U1hmL1Bw4+e2LOVWs3N1Dtj4IPzUjyRi8yPpeQbbvfIpXMXPOLc5GTwT3+anJybOHvu7CWPV/bdXIzzFE2q65FbV37jIL0006xnNhWH6ziy+6O7C0hDMyMSqjy1+dwxAkBXlKSlB4u3CjIjiuKEB0Kby4ZDIVdrylrnd4XC2fyFEau5r+iLJHgMkDjAmnxVHPg2G4cQObOi46h90ioFzMut9mKoZ7nttXu0zZkk+HLEV2E5CI7zutlJZxgi2/9z11lc4YW8u6+Pk1PpRBmllneW7pBj243Pdsg2KzD5Y8kH6zQL1tlWJtq22yxigZaA5KM5n8wygsA43HlnNuS37LBt//5inSUwteDoExmRraTVSW84ShLjBLlY73NAk1GKAnfkSagaBcRdzXe217uX5xGUFsKLFASRZQUHE0Oc+2mtTYHQQt7BsBwnFJJlnoaeHipH+WZqUmObzQvjx9eJkh3ZtrX4v9tNCNWqCsDKyZSgKKzDkQ+GAqow/eSP258J5r0MqwgcZKWEAYCR0j9tauvt7KZD6cseXwXRP9cPo+DGmIChnit1lw1DFwwAVUbN7iq87Lv1gfpDQQaCZBVRKETiEq/lh2y22a0rDkZxZ48ITVtyeT07gf6QYaY/Xtej8IOWkpVxQRAcF2Kho+gDhSAvOASBVRSoq+RKRbb2iwzLdGj5PALSaUJuD5oSNKQGUobZaxiBOhUA4KNJmeNYxds3eYTtTJbQAuNGKAU0bxr+dpx3Hkcuv4UyIxPLUKOqomrbTqg9Q1JiXhZQu+mF4FHsm2ghiyu7wIz0e71eR/+FWPb4+2h7NRnWy2zOzthsNsPbBE2pVo9h0NmLTaEW8yN+BJ06zTcTCodDmcDPvt700ygQ9IrDKN3yz29htF4RUFcBtAvZQFea7bqAELUnQD3HTZjNUAMoEJ2DDR739rAuE6prhxmHwzEOf7vz4ePd23tyZKnRST/HsdIJdZp/oA/0gT7QB/pAH+gDfaAP9L+R/j+XkbaZMirVJwAAAABJRU5ErkJggg==', 'Hi {ClientName}, Thank you for signing up to my life capsule. You now have a secure connection to share information with our organisation as do we. We will be in touch shortly requesting the initial information required. Thanks again {OrganisationName}');

-- PLUTO ORG
INSERT INTO mlcppapp_test.organisation
("id", "status", "serviceId", "name", "websiteUrl", "primaryDomain", "signupKey", "key", "bffRegistered", "logoThumbnail", "welcomeMessageTemplate")
VALUES('da0c67a0-551d-11ed-bdc3-0242ac120002', 'active', NULL, 'PLUTO LAW', 'https://www.plutolaw.com', '@plutolaw.com', 'xyz1234', 'pluto', false, 'data:image/png;base64,iVBORw0KGgoAAAANSUhEUgAAAOEAAADgCAMAAADCMfHtAAAB+1BMVEX////Vkjf/1jb91Jb6uKr/6Mj///3UkjjVkjX/1Tf91JX/1zbXkzfTkzb/2Tb//v8AHi719vYAFSQAGyT/2JrWlDMAGib6uKjRkzf/7Mz/3Df90pbXlzcYJS4AGycNHiYhLDNvdXfIyswAFB0RJi8AFSkADh3OkT0LHCZdTDTp6elvdnfY2tscKi9ZYGUOIzAAAB2tsLGeoqUAABKEZTO0gDkAFhu7iToxMi9CSk+sejabcTh7XjNCPS1sVzO2uLqEioyQbDlkUjgzOTtRQzIAHyMdKikAAA8AHjKyrpsAABpGUVmOk5W6jDnySk8aKjfoyDguNifqyZVjXlMADy3FrYQmKSEyPkoRHBhxXTGvhT0jHxVkZmlRRiVIOCAaHx09OjKQajGCajx4WjlmXDvbmVfqpnriqJCwhHeIal1eRyL1s5TZpqCNbGtSTU+kg3hIREN4aWmQeXV6Vyg2MSHmrqa+mZVIQk+reClSS0OfcSmogkxua2PElYSYlYTayrCEWxqHg3jCt6G/qTqKey9CQR9dLz6fPkXn1r9YVSF3bjFONDimlTvUuDgnLxlVXGiWQkuvmTAAFwV+PUbURk1vajq+R0v9Sk9QHjAyKjCXNTyCMj47Hi6MgCHcQ0mJeVpjXkwAAC27qkLWtoGIgUShjWeAclfosmLBoXCAIOKeAAAgAElEQVR4nO19jV8aZ7Y/xIQZ4BkEZHTEGRlgcAAZJhDIDO8gSEw0HTQxVtY0mOTe395smtqX9FfTbHJTzW6S1d31btP93Zc0brK6+2f+nmd4ERTRNoq5/eQ0aRs0Ml/Oec77c45G84E+0Af6QB/oA32gD/SBPtAvmnTwl+6kH+J4yeL3W076GY6RLGHFfe3GSD7jP+knOSYKzH0ckXg+Ou+eC/8iGenP3ygDQOEYLfn6gwHNL+88To0kaFwLCQA+6c27Tvp5jpz8oo/EVYRaLQ5yDkfgpJ/oqCl8PgqwGkIMw5LjzC9M31gmU7y2iagxLvYLggiVSsA7TzYBxAAv9zl7T/rBjoos0I8JWxPNCLVAG+fcoV+KQkUWfqEoNQPU4lo6LeZ/KdpmKqSxxFIY1owQw3FJNo+e9KMdES04NS7Rp21BqNUSIKkwvwwm+n9V0ISsSUC0IsRISWYWTvrhjoB0mtB1nybbnyDxVoTQ7o8pjsAvQNdYYpFPNDGu3KxKQZWiHOM86cc7Agp/XL5hYVkJnkMMAxAcTfFSNB6PP3iQkJWR//1RRmBuTJoMcBUJ0wIMYFIi6StUZEYoypAqFTnonHK9j87NoXMRlgUhuhh2eVM8oPlv51MKV0ndiSTKUjkaT3x782bat1mRY07Xe8nKQ4HMetL8J67wsI8qJ4WJoi8X5TE+uphM+wrp+cWcwFhdfn8g8F6xMRDOOp3OqcyhPvVwf4WPippJplLxCDfLPM0vpqf7UzcTUZ4EgKQKrCN03A/8U0in6c3kR7wOBpJ3JBbydxZX6I2OMHFwfaqX49h0lAbRiOyppOMUDcERFEbg2C2Fcb5H2TedxjXnETl5uugQOZZlvWy2s08S7utLkN8oWaWwCLkXqUxUIhLiHSDRvwCGERH4cyzvD0LNlJcrQPni+WgimRIUhXXks5CPve0fsXfKweUAn4Ls40npliynJR4aivi3uUgklyiX4Z9AnGPd/vcFYa9l1J1P8KqpxoGWL6dlhHEuZGmvc3qz/VwEULm0RAEqIlQi5XJuLJVnObNZRMTKFV/yJsM6wt1Gsi9lrXKUJOv+M04AKSkrLOsOthVVS7afzZHYNxJBkNGUcDuZnhZYOVXwjY35fIVURRYUUYE4WSH4vujRkLUShUcHkYoQx3DAR1iFZRxTe9ioswStcpzWYgTUKTmOS32STMShfNfcNdWtSeSuyxwnsIzgdOmgyjppYfULQhlUfcodF5qkpaTCKXtzg5Z7fRUJVJm96MtJPKBwiKzFNSUIwEcjBU5UGGs+c/IVjaA5QuIkJIKCfFGfFtdiFAV1iFlR3M4W82hZ8ozxVTwYxdMkQeDwr+2KDykCCjAJ+FyKYwVr7KQTqC5oukn8X/71N//nt7/+t7E7kThPkARGQYEFVLzAKUy+SeNAEU1SAKtH8yonsV0BMMop1oIovuyDP4DJ7qOyukSjfTnwL78ZOI3+OX3/7qf3rvkSdS4BPlEQmfFgnQuWUU+E2B0NdiAcfUgMy0yeXMTfq/OPFKV/PV0lCBKi/O29YTkpEQDDIQF+MSUyDid6RBjy9iXpPRxr5h3WylCc0JJ8ThYE1nVSXOyFirTwG4RthwZOf33PzCZ5mlA5SVKJCjfOOQM6nX9ujOrAMWwPQpXA5QIneE/sMOqcfZ+d3kMDn7FmOUGrBw7DIMaCMOzO+sO/ksiDWEjseRkq1jTHOk4KooWx3t2LEB7Iz4c532VQS6MBIN0seoYVaOgJLdiDYYddErX3lELU1E2zkD8h8+93W9sBhPQ1KwrxOhroA9DQmSumJdBJ0YBv4nt5iGEUQUY4IXgysXCoP98WH1Q5d5c4JtIwDYh3fDw5FpHaQoSWg4DfIuXovVJK8SQFbnH9J+OmZvs/34eHVUmF1q+JRTAukqJtBBHBoAj4WfDze3mopRKEFud93NyJyKmz/4t9EQ6c/pTj0ry2KaeNQx9G2xYhH8VoaD99/N6v0V/yWoJMCN7sCQDsbatKGwhPfyGKab4JEcLaVkpxbVwiKW00tRchgaUlaFgjUKGeRMA42gEhwvjFsDK/92i1QyiloZOaSO21JhjlixLkt5HLxRMJGDsjhPTp+ESObmPH90DkCzxGj41he1nM+yTAX5PoNJd/DxEOnP6cE8tkG/2xm6hCHEjc3iKGFobJGJ9KApDgxk/A7Hc6hyrCgfv3OFnC27BmD8IEXZje4/RgWnre961coDBcKjqmug4Qapr9dWkN411BTBMHchHwlUTEvLg7VtRSuCQXhTRPYATmY2LvI0LopDq4xO4a4V6EklCYmKd2n1gco27NOYO+KE0QdJK70H2T6Bze3+I3juI9DgbJnQFidIITfZcxgOOt8RNIKDDyCl1IYAQR5/q7fhB1TnHpIISnT98VuNwBCHFy3jqZDRbTURpvjrAw4hO1pB92Q49WErzhrseJWabvYIRQn8pSh5BCi3yaCipTWKZG5luOIo6NV7VLMMXjRMU71XWEU47z9wcORHiX5RY7G0V8caFas3KxnzQ7QTg1UjXzAWuCJHziQtfzbi53392DEZ7+XExRRAdlA/iv6v6KS0k1HVqccqtf6IVMxIikGOt6LcPvFg9wahANfD1clEAHHoLo+ZoO0WkyZ8egbag3K1Lj2eoXMuejdEJkux4kWhjuQGUK6f6SGOmIMD5S15I6TdYaIRsalbhWa1mw5CN02cx0H2FMOIQyRbqm0BFh4lwDoc7CstGG/QSFemwfvE5LJ4BQk3Vw9/fFdbeRw/mMK2Id8mwg3hzBZ6y+OkIcJK01K5/5iqc8J4Aw5BC/3lc2ma/rWuhuHyd10jRRJtv4kTpNcKfJBspvpvpyQJYw4QQQBtzMPgdx4PSVvq93wIrRDs43kORgw9LpNK7hZN18Enwduz8fBbJyAukoRrjXVkwHBu6OF3/dQMiK8U42n0+xTS5nb7BSKwxoKfqTySoqSyxOF+ZOoPI9yjjaZkyhdine/rQJYbkDQhykW1xOl7X+eRB0zlqtWliCD0hf8AQqbSEv90Vbm39/Sc4t1RyegfuC2D6NWCMy3t/cyGaJJWmifkQ/rrad6BDCfbrdLMcZc/hF4V57PTM8LY3XDuLA3T65YyYD5yv55iM2da3hnmKFoApQ43xAFtqFwP5w5nj7imIC1z6xbxXAWP6+eiQHPu1Ld44uQLIv0/RDA+ekehkO5PJ+VQtBhL9qzkWpAusPB8PHHTRCMf20LcJxkZeu/d/7al0xJvNtM8ENHuJlb7Dph1oma/dokJ69kQlUEQJ3puWtLZnJhS5EjH5WyLfTpki5kPEi+8XXd79eKsbJzqkaHPNZd+qgUCSTdYRa+vqCGiOOPqAuNCP0T+VRY1IXbi44Ba5dhe30gjkCQNTHDrPyWBQ/KKEIvrVmm35o+Kt6DQcjvxXVXHD2AQER1gEhfN3Kabgc7XXNZ+YKTxB8NBrl6QMBagGVutCU0/afb5TDCT4loNac7DegEWNZwnOj3bvlpgsyTDtdc1/kcjRFoO6MjjW1KlFkopmJOjPfcGtARHRPqQhvKhl/IDQ1FZ5cCHSzCyXkbhtCDXwxXoweJhlcFUbAV87viJ1ubifvgUsCB0/i1DcYn3Kfu+T29lsdzq5m3WAIZW5rMJbFYgIcgn8qDIwsI6sfqjEGas76lwg6zcUsmikeJ2kpKn1byS2m+tmu9mdkzgtt3e+BK8NcIcFTJLn71kg7JuLkrRGXn9FULf/Uv+/wUCtxbovmkSTF4xKxmJZIwI91N9y3TDJ9X7dx3QYGfr1kNstfjd2UDsgmqgSVTTDE+LPqzwztINSSRPqS3xVcfvgwyFYSJKAocFnu62olyuVWlk63z0j99t8+v3dvItk5mVjjIigLc0LMrTInAxGifin4i4BfKD559PjZ4OCzJ2IE9T8QICnmNbpeC7rlbunGZT4nN94hI3VXSfGHOo30IsfW+kpdECGGo6IxlHEpnX/46NmZwTOPB4NfQfWM8dJNhXEuBGNz+blYcME5mg0fc1e/3yEI+6YVB+7nhfJBCkftFsKoNMcKakAY+HcSAZGi8Wg0zU5OhZzWJ4Nnzgw+YaVoxIf6pNiYMwudblcgEPCrdLysDPcJS/snbO6JY6BTvhQSAWURaEnex7EXkJoMfJlIFs6PxJ48mhyZRM6nbpJ5jBBy09O3I4lotNjtIsYoI+6bVxz4QpSlNu1OuxBGFxejADowjpDGEpo8N/fk4uPBwcHHjqpLHuLyz858dzEmS4CkacALXUao88cY8dN9tM3AXY5LHmT7IQ95PplaLMtidmpk6QnUK1AqzwxeQanUXpfTyz1EUrqEsueEloz2ubvbsajTuARW/GIfiKfvCUX+EOoUB9K8fFtwPPxORXdGRSjGRp0xBqqgx4NnBh8PR6oNyQnRvc9VgHYPdxQIdZqMo22QodKnHBc50CSiRm8Si18zX2zggwi/8zIMA/WKQ1U0D69Jar8K5uPm9nnyllcDzuBCOGCpPeI7YtRMOVjms/ZMvM+yMo/j++lTnMAwAvC5+RwPbZ8cfLaD8Mzgo7wXIhQfQqkd/E7MofQGBiTZ2y6joYKw+DOhgN+is1gCU6mV9dWn1skssiVH4Kln3ayjLRcHTn8uiEm6bZgPGUdQ6EJJrvi73/+ukr4VGXMELz5ugvjs0ZJovfIM/R87T6gN1kSS2+eqcK9rKnhp5OMLnsmFoHL2+brJbjetvLh2aW4q8O7WBBVVBLFdYX9g4K6VFaTW2ieBEzRZvXgoc2YrI/7ho48++sFx+zIfuXpxcLCZjYMX0QuDF90RqGQgv8HlPLe7a0HlkGu0ePbS07X10vrai+vza+t2o/HUqVMme2nl1R8v/OndI0oI8Tw7fu/+wG5RhS98zgi+Jh7ikHcYH88VxoupNDRvPCWN//kjBHE8B53O5RaEUMEMPvvuUfHhozjqt8EI2sd5M3ve3jV19tLZ22slO8RlgryD3DtVJb3JDv/Z+I+jsC9hqG7y7bzwu8OsmANNLOQX59PJXJxHMTJBEkCa+D1C+NHvxxP0HeHx42Y5vXjlyZMnF58NPnqAWsgIKsEwwWZ+QPmDFtQzcntt3WQy6WuwThmNevQv+FJpvWTS21f+dBSenYtlWObTNqXvzzlFjjZKbPyDeJSH4gadObWdD8clcxXhR38Wc2kz9EJ3GPhwCckotBULURygLqlrLNsscTqdJTR36emrdb3JqCKDGPV6BBTBgxK7ulHSG/Wm0h/3Mv4nk04TmPSy3NKegtTAfVZQCg0HnIJedYuBxPjiXz766HuVi3/guOWLzwar9PgJs1CFO3jmHMpJQrdHGWkJnXpdsekXkEun9MZTTWSEkrq+8eLli5USYuepU/bVuSNgok5jyTpYhftczQU3Y/yMY7lbjdsIGLErvUilmR8/+vG/EMbv//wHoU94+OTRxUdPHp7LPxqsm8avoNoFfFrxOluNHoMOn70mm/WjZ9Kvr758CuHBLxjVl43rwhHNFHGxDpZjP72/y8P5nGGFBL1Puz4M5M2//+tfv//vHxAbf/z+hx++/+E/Hy7fe/LdjnF8CMNMnE6K4u6e7/CqfWVjvWSEQqoKqBGyDNpBqFShjmliqvF57IgSdJasmxFE9xet2Zv7eYblyvAotjOLUGhzDET3419+hzD+9a8fff//Hg22qNRnExLQEkmR2d2RobME1+2l1WsvV6qMNBkhPMQ8ZCv0+gZCvXHl7JHdLg44RyCcvnufNZmOgbssywrRdj1uODSPVLqo/P7Hj/76/e/+8y9//q///p/xi80GAwVOBVpLJTnH5O4iInSKX9n1dojr+QY0EPr1tQ0otUjrnNqBp/6h9HTuiACi4UELXiiVDHvv67v36yfya4FV2HI7OQXQWZvnc8X/+fMP3//4w1+CqnFoBfgMfjjUvDK8sPdSo8b/3I7sglEP1Q08dFBcW3ROA6F99eoRqNPqmyKM2fx5QRA4duneF5/9FtFnS+PQQY23pMBRrxRB8mkfjPugazot5h8+uXim1eKrCB9ep/m06JjaWwbW6fxP7ao4qhpFr28Hrwpx3XNUJ7FK/sxC3sFBkFxfX7/bfY4bnfKygpzAmlqBAY5TfDzlQ7MUIsmCsPx4LzrV6t+Q+MIwm2njXfZqQtdN+4DaRcbbI0cYOFcLfK7sZCwPD2A+FgwHkNMDBTW3YylwKpqbn66kUnJRZmOxh9+daYcPOd2L5YqI6hdtWGCJrR4W4YbnKOdsNcIViz8QqCv4EAqF0tSOdyPx8/M8wUN6PdiWfSrCe9dzRSUfcu2V0V6NzjmyUvfVoOvSEWKJOf7cgCvPsUrqcuNOFH8nge65Yxh5+eE++GCk71gyF64XPR6Hc7eq0PWOep6bGkdPX9rvFKIvGo0vPNnjRqjzL7gFVsjVLgzxySipJbQYBWPgB+0hDj674hXlBKD5xBgjetmme7fwv/7Jq4WS3tRwZjY6M3HFzPiPvazaG4LuOVeIAlJLSgkeEDSNrkrjOLF479kejDCyXzKzER5pJ5KMphnFkQ/tyGpYufqypAYQh0Nod3jDXSgc+0cFhivOS4CKovk05UQkB2NEAOjE8ne7zOCZ7x6Kchp+p5q+0JJE2ScyXnS3GI3mDU1eur1ihKZwZfXVuiqe+ldNUgqNpMlk1DfbfdPqRKwrRZ2AMw8lD10YluYrDKcoHJvKSTRd/uoJZGPd1x58dvGeWZ6XKAonq/0n0LujFvPohjfq0HB9/AK6nqdMpefP37x5UYLmUG9aMzbgQf+tBEND6L3toDauK31HZfUPIH94UvDcmI/InCIIEKECzUhSovk7+UfVyOnMs4sP+/tTOR4jsbikJmhqHp5UUFhHzKXTZF/ZobNtLD1dsxtNpZIKaq3UYJd+43axOP10tdTERKMpJXZnVho6SYFMloXwknFIuRSjsCIbocnoneLDR48ePYl5+r7KRWmghlqRONjp3wRUhFEE95S/so40jH1t1X4KuWtVKawrUwj86ioMG+16GB9CZVt9WW9fFbs58C7DKD4ejWIgoMuG2CmmxubHKm4PUxmLxKESIlTOYQAkF3ecPYyk4xVO8XIvq7HEi3W7sZ67sK+WaqrG9GK6VPW/jVCO12txlB5Gid28XpRXUjxiEbqFh9N8ToayelOSJJ4iAVSuVO0WDaAexH3JncvsFIz002bFvKHyxb6RWntRarBovYrQtH52xzTqTStvqjbTaNJfV/JdKyAHGC5JV+NFHGVsSMnHsVwSWgYMAzRUnAgTjoaa9ntlIQJDfLzuruNYoiJUIej1KxuNw4cQqvw0bUw3Rb+Qow3erolM16o6GS/3bVO2H8NJPgIhwjgD8PEElFLVK8Do5NbM1rIZJbx3ohIAbj2v8ki1hsYGwpoHZ18rtiBcXzXW/491dG2kX8jLRZsQqpyLMCxTKfO3N+8JqUUeR7qT+sRmMPS85phEUwULo5g3VSzVJMxuhKaVv62bmmyj/Y/1qEr/XGC7hTDs4Mq7chpAm2NhhDU2Y7PNbFsLPEDzNQo2w5DBNmtmm7pUQcJTahPo2lc3ah5caXq62Ue1F+sI7WsTXRtDEXJw3+6uf1MgUVQEcQuyzTbbL0chRPIORNgzZJsdTtWLdJgWFF7q9+BD1mKtihD6OX+bhkq2xmDTerH+7cZS97RpxiHm9pZOgVThWOu2zTZke8sV4wBgX84YeiDZNs3ztVoyRfN/a+uB2l+t1b1w+9pVz99r+Sij/eWL+rcbTS/Ebl3WdAncHWJv2oa8PCayE5szBoNhJl+M0+RiFaFhhhXL1WlUWjI5XmoD8JTp1atGnGFfT11lX74plaA5fHl1veHOmdYmRrpk9P2sUKDaJVCpCCdwy2+hcM5cKSboxZmhHpWJ22IF2k/k5lCVl23TTfbVGkI9jKiMpbWnV6+yldS0WFdLVTFl+rs1bzomtL+aiNOJiiJWZqGg9mxVbr/uqSI0vGXFJLSS0KuJ/m3D2O4c2ldXTU2v20srq9dTqaerO24POqK3J7JdQhhGl4TbICQAkHyMwkB9M2SbeTtkqCGETJTVC9/g1kRbIYWapgUhqrPpSyV765E1bZi75dbAg3hrnxYGNPSNG96esSFk6jGE/+2ZFZU0jJwBL7y0t2Mh9F1aENZ4ZjzVwnB96aq7O/2bOk2QaTMLoy6pUopDklqDVz2JVxQGGkWQm1jZA6SK8OWr9l9o+SZj6iizih1pysvu02aLUwT04caV/i0blM6hGkLD1rByE2ipQrFUZYtqC5of/vnawQihIfF0yyL6WS4H9h9xRpcLohnp1AYTZ/ICS5Fl5mX1ZKFEvqlZAtsh3KNzjaaV40+51ckpfoV1uItBUjBqZLd6GhCHtjn4mcx7qubetHJbvr1iUvNQVVzGp3sR7k3zm1bOdg2hy821rdVUCdMSZNTHmTffGqrq1GCYNQsFvlJRXU7ThmPpupxaWXsDg8I6wo0WhKiguLG6K4lqhDFi12aiW4LmdKfWTBw6bQlZZF6rShX5NYxSTMPoHvmaa46bFIiaV0qr3helmjeaalZBehN62f5mfZe1WDvbpWwUosyIwHeEiKLGpGDOI41jGBrq2RZZduKN6ZTJtGZOAkDx8pod+tVVP9xYml7ZQaM3rkOOmkx/b+Gh3mic7uLMd51lcjhxUM8bSZd9fR7Vi+uxbYmCUinp7aUXV30Uaj6BCPWm9asqMoiwiV/G9VW7yV663uqjw28+29XWTZenwu/b8lY7jgQOogWzZxNiNMxYWeWFHer7CbW3g456VkxGo/3pql1FmCrtwLG/+PvKxsuza6ZdCDfM3bgvtUNBc7zTuEGtmiPVAqrsM4sP39psFSSkqxMiGlsD3fDcNMRkLBXXVB6u327OP61dvfo3KLa7PFjjykQ38UEmjvgOMUoKDfssX+e45dlNhi2tXa2UKZQlxukKlERT6UWxql3XbzfZBqNpfWO9VG3RaKbSja5KKXTdHOot4bazL5sQQlHlo2m5X+Fur0yP8agih6PZPSul9bXUdDX8M608b1IqJqNJDfL1rQj1+rXJbl5I0Wlc4i26OiGxbbDYyki+fDN1rQgltPoCWBTk6eL1N6Vqd4LpzQv7qYMI4n7l7OIgGJ1Os6DmhfnFaHUMcSciKABg2NEwMCD9ch0q1jqf1Ax/B0L9blCmN56Pdvfie6Avjqt57LREorn6HTFiastYbdgwDpK5Dfupxkmzv1jpUANGttBkX39xwdntwb29k0kamTZisXhLOvi62855hUo2SqehqmkgfN4+MK6Lp6m09seJrP9dRLS39+dYmswnPKYODo6muHSUAkRHPjYjRGHWreeoG1h/AEI9Smk8/3gujOSz65MLXDeq6RqoSJKcMBY/zN2FHcBUpLJaqnZ52V+0DQ5Rx5R9ffXp2cnQOylRvz+DtniMhgM/dW9qtlibKkHRdLQgioWcWrM4eFafipAgpEJqDWKEjvZa2/wUlM43tz+eCKo9+z8Lm07T6w858+7+6haP80wQ9cYffutMLJ0A9bH8NJ+rcKJ8K4rR+MHmQ6uqHpzKmZ/CoMK4srIbIVKe0D+dPlvbuvFzLyW4Rt1Ws8gxHMOIooLWBowEDx+guG6Uk/UpoARB0OUrjBkyMnKZPNxFYowiyajsWbMbN0q7InqoO0trt8+eZd9h9gL8UFyxc45UMhGVUGuTFE1EUhwnCCMx1yFXGwRT/Jf1GjZUN/iDWduWbOVEJpWTeJKEigdpnvYej3pRBWAYkApXX9nX6yxUU/kmCG/jtufq2aDrnbSL33luLEHRfPxBIvEgypM0SVNSRBYFoX/0EHq5V+Py3qEXm/sVk7O2HtvspsPMicK1dEIi0LKI1h0KewnwqYmVej0NdWDa7etrt0XPpfzUO2YOXXPXJT46/9UNr6Pf0y/IvpxEoYHzSQYK6yFWG+g0k30Jkt+ZI4XzvrcGg6FnaGZrUxwWRa6Yup1Dy1mo2hoMbXOwBTlbe4Uui9PGWsHUbkLJbnain3FmLO90IUinycgJPp6KOUPoLmcgHJzr4yppCV1kKqcYVnCELQfFYqH+1tQ+Li3PVHMytqGZ2c1l1jwh9jFypeC7k0wmb93JAXzndIIHaV9EghYUo7RU4eqK3aQvldbfrF6vTEx4HZPhdx8+7F+OfjOWbbQeanT+cMzMoMH6FMpas6zbecCbBDilNVMDcg9t9cxaj8029HZ2a3tzeQn1cLJsfvkKl2uuV9F8wif4YCiFYWSaK7x4eTtVFKF4e72xpsf62YR2/I2F0WFr4pMlzIpiqkyjbgJZYB2THQ+jZZLj4nRz9Zr6ZMvQQKjy0mCz2WZm3kKambHZtqyLTVqHgiY0XhgfKxOA8gmKSoxXyE8d1d3nQDst7F+AQVyOguHp5Qo8jJ0WNfc6vYqPb2YKkCozzYn8WrLbgJCqx9P22pPYWW0CsdI0L1svfTV/x+pwOLxuN+vMHJ1nvR9zQgIjogGIBO8T2U4rxsJuhUMBxQ5AkFwe2otwh6DkbntuVh0EgHJtfGLs0qQlkx0dDUMKHcE1vENRIOhQUpLazYQu2Wfbvi3UU16WS5PNlo6iKlu2TgghRtv2RJonKZzPpX3TctERC5/ECmGL06pU4gDH6YSssPtMIwnkWaXCt07WLY/PdMSnImSEr8qUliSgf1FOnwg+SLopLyejeU8gnlLY8Vhgj1nSWSahzYw2h/W4lh5bHjoAYY9tcy6UdyQltIsOlCsntfpKh7rWBTRCGPConsuGdx1b9eqwsNh6hw2TUDntIB5uzln8zuHiWCSRSN84yT2CGQGqVIBTWj7CKay3dU+ZThMYYYVbrd4mQUSuvu18CiHCmaU56Ki4gqLVaj2hxRd1cnGCOYmhYUrlIscybjS9qtGFrpsUuDGsNd2NY/KVA4XU8FasdjL7Q+FjH9fWmSCbGBblpilKXYjDet1ol1qNMtD+8FsAAAnmSURBVCNCZXcwj5evHiikPbat/mD38xBtCcZOAUVQxlA/PkmXC1BUGSbvVAeSuFxBhovunqMPIlfbmPvdCLeHF94ThGq6lxW4ggQwHHVU+hSOFZg+jmFZ6Fkpt3BqFw8pH2vraO+RkNoq3vdnIzIKj/OMkkJ1XnjieOlmQWY5jmEUhRUEHg2ladnTwo9vGg5E+Jbtb+QP3gNWoi2lDCvH0fQjaBtJTIonkul0OuITkwCQgGzyuqHp9Bx8DA1bohDotfjRBCVd28RLl2FDdZOH+ibCV/PUFElCWCRNJhkYOMcfJOLSTvALcp7ZA1Spoce2LMxlg+KlkREYILUNALs8yBW+nX/SIYhI36CWX0gkusNUEFiPRxjLJRrqBrI4aZ45CKFhhuHS8URiPiWIIuO9EFS3QDYwwXfLsucuTGa6jDN7AV2tRJtwUa6JT6Q4s5nxLUrqgtzGKcSxMfeBqtTwWmTKAMCPiU+kkeZyqxmvBsDMhLW4vHT+XLZb2HTV3xmWYZUxCeWTqERKUbhURKIIomWZHA6wguOgY2iwyWh2GLocTQBCSgpIZTWPA3fIuX8M2Wa2L4U1vT81M/3zEep6NX4nwylyusxLY0WIT92vixZ6NuW1McCnip0RGoZ6ZofFiPqX0PoaQJevKyzb1+jhCrCV8j8MqFFsy+uczMe6MGHRHwjUBo25gg6OE1Iyw+VvUqDNqMFDIIQQN9Funib1y9+C1tVd5+KoI8HX2m03+65sX/n42LaZwYOBqlCBUceFC+cXXLpedFJczjwrsIpPovG21aVD8NAwO6KktTuijRM4kYQQqxsSdX4lzde08dCsYLPZZvsmjwmhxh92BqcyzEjl9fY1r7se4ThZlovsV1mCZ8s3fhAPNxlGavXWoavHKeqGxF5NeKQceau6DIYh2wjq9988pvan3qkL1qtXNt3yLPwc/zHPjKhmq3fBocjlfafTQYTp/s661DZr5iK7ihmklkzAwEWdlhFMSZtVnwiCk2eGDEOz7mO5jGcJ9ns339q2BPV5Df8oDCNVYFlwiKmOqzpB0vN2qINBNAwtK/KezUMY9IUEwTEK38GTjG/Xm1Ftm+jdZ7wX3qnkuw85HdxrG3Q+Xtfa7cpeQYO0ADT7ZJvrBzsI49Ytw/4Ih2yvHe1Wl2EEGZUFR1jjGolGtqoIDT2G7RlkXPLuI19Fq0MN6q/RVaXlWrhu4FMjfs2Ug0vzZOeeGb643OEg2mZhtEngbVZlYJiU4oRMqEjdma03hRtQzs5gWOo78iVKOj/DbcIfPtSzWTtUhn9EPJkMw81TB3QhACLt6eC2zSxzqf3UFJDSIjuZpD+ZrX1Ehp5ZNYm87MgeLT4NkkYZMW/Itl079D2GB+aFvDh/UCMJfM6yZ9vW09NO2yC9iC4Jtf+LGAWwSHE4CpoQos8KITzyYNLidlTPn+2fPTW19jbOCRDgAS2I6EHpwshsmxgYSoTBtm1mEvtOCYU/myzLFHF9y9YiBIZl5sjXRIX7oQpF71KPZeGnmayI6cP0HWAkz+Rn2h7Foe1hMUFS++6rwSgyGYFB2RVbiwjY8syRr8Vw9m3aarxrILwzlucPs3UcJ0CZyautsi0cNNhmNs0CWhTdobCPNrUSiXyLRTXYWObIDSLj3SUoUEVcjwj8IXtHyLisbNlshp3nHIISupU3V6JUx9YMICXhBxAVWvKthplhZvSIAfrPQ3XYepKGZq/HzR23lDQTES30LW/NDNmq5TSDzTYze2VYSPOA6mRLtXQiCm0Rn5ptEdJZc9sxmT+fdJrA+YldtSPoOqV5c+IwW2W16rJyPlex5jdfz6KK6NvZrc28h/GVtaBzny3g4wSO01ihBWHPa9F7tDfxdBrXeWY3QtvrJJ1KHuYcqhAJHFA5nzDhQWT1eMbldPQQephHppKW5CaEhh7bQ+6IfRqI0M0adiHsuRIhc77DnUNEaFIwZEnuli9VQKMxKfIwDWAYcifouLWFhzN59sKe6WDvSAE3u7vCObS0CKTiAWsedxPASZKGdFAfTSuRaa5F08z2H70q9Z83746AZvIPAF3I/TSE6kJyNDxh//G8bT4WqXil6fNFVzKPfhe0xW3d5VoaZvJxEiSud+4a3UO42kj6UzhIYHRkeLbJVBlmllj30WejJq2zrSyEUvqAxKh0FD/sQo+fSRhOVZZnenYQ2mYnjl5INZop6+tWx6nHcCUHg7pohD5wbDkM8zF11gnkNw4A+kWonV7qeURDT9EXcBxvvzKDLI+/3nH5UHqcO47xCZmRXa4hPA1ooxUW3e9CbJ0F6DIeCdC9C4xX9waU4/HEYuTLL5PJL7/8MrIYj0o8am4j6X2awUFuuFkHGGYZYfLoA3ydpp/Z1U1hmL1Bw4+e2LOVWs3N1Dtj4IPzUjyRi8yPpeQbbvfIpXMXPOLc5GTwT3+anJybOHvu7CWPV/bdXIzzFE2q65FbV37jIL0006xnNhWH6ziy+6O7C0hDMyMSqjy1+dwxAkBXlKSlB4u3CjIjiuKEB0Kby4ZDIVdrylrnd4XC2fyFEau5r+iLJHgMkDjAmnxVHPg2G4cQObOi46h90ioFzMut9mKoZ7nttXu0zZkk+HLEV2E5CI7zutlJZxgi2/9z11lc4YW8u6+Pk1PpRBmllneW7pBj243Pdsg2KzD5Y8kH6zQL1tlWJtq22yxigZaA5KM5n8wygsA43HlnNuS37LBt//5inSUwteDoExmRraTVSW84ShLjBLlY73NAk1GKAnfkSagaBcRdzXe217uX5xGUFsKLFASRZQUHE0Oc+2mtTYHQQt7BsBwnFJJlnoaeHipH+WZqUmObzQvjx9eJkh3ZtrX4v9tNCNWqCsDKyZSgKKzDkQ+GAqow/eSP258J5r0MqwgcZKWEAYCR0j9tauvt7KZD6cseXwXRP9cPo+DGmIChnit1lw1DFwwAVUbN7iq87Lv1gfpDQQaCZBVRKETiEq/lh2y22a0rDkZxZ48ITVtyeT07gf6QYaY/Xtej8IOWkpVxQRAcF2Kho+gDhSAvOASBVRSoq+RKRbb2iwzLdGj5PALSaUJuD5oSNKQGUobZaxiBOhUA4KNJmeNYxds3eYTtTJbQAuNGKAU0bxr+dpx3Hkcuv4UyIxPLUKOqomrbTqg9Q1JiXhZQu+mF4FHsm2ghiyu7wIz0e71eR/+FWPb4+2h7NRnWy2zOzthsNsPbBE2pVo9h0NmLTaEW8yN+BJ06zTcTCodDmcDPvt700ygQ9IrDKN3yz29htF4RUFcBtAvZQFea7bqAELUnQD3HTZjNUAMoEJ2DDR739rAuE6prhxmHwzEOf7vz4ePd23tyZKnRST/HsdIJdZp/oA/0gT7QB/pAH+gDfaAP9L+R/j+XkbaZMirVJwAAAABJRU5ErkJggg==', 'Hi {ClientName}, Thank you for signing up to my life capsule. You now have a secure connection to share information with our organisation as do we. We will be in touch shortly requesting the initial information required. Thanks again {OrganisationName}');

---------------------------------------------Roles---------------------------------------------

-- ACME ROLES
INSERT INTO mlcppapp_test.role
("id", "orgId", "name", "created", "lastModified")
VALUES(1001, 'cd0bcea6-551d-11ed-bdc3-0242ac120002', 'User', NULL, NULL);

INSERT INTO mlcppapp_test.role
("id", "orgId", "name", "created", "lastModified")
VALUES(1002, 'cd0bcea6-551d-11ed-bdc3-0242ac120002', 'Administrator', NULL, NULL);

-- Pluto ROLES
INSERT INTO mlcppapp_test.role
("id", "orgId", "name", "created", "lastModified")
VALUES(1003, 'da0c67a0-551d-11ed-bdc3-0242ac120002', 'User', NULL, NULL);

INSERT INTO mlcppapp_test.role
("id", "orgId", "name", "created", "lastModified")
VALUES(1004, 'da0c67a0-551d-11ed-bdc3-0242ac120002', 'Administrator', NULL, NULL);

---------------------------------------------Agent---------------------------------------------

-- Admin Agent for Acme ORG
INSERT INTO mlcppapp_test.agent
("id", "roleId", "orgId", "name", "email", "status", "photo", "created", "lastModified")
VALUES('353f8c6a-551e-11ed-bdc3-0242ac120002', 1002, 'cd0bcea6-551d-11ed-bdc3-0242ac120002', 'Acme Admin agent', 'ryanhendo+pp-acme-admin@gmail.com', 'active', 'data:image/png;base64,iVBORw0KGgoAAAANSUhEUgAAAKgAAACoCAMAAABDlVWGAAAAYFBMVEVmZmb///9iYmJgYGBcXFxaWlpra2t0dHRoaGhvb2+CgoJ9fX3u7u7l5eW7u7tXV1f29vbPz8/Jycm1tbWIiIja2tqZmZmkpKTS0tJQUFDBwcGQkJCOjo6vr6/m5ub09PRb+GVoAAAE1UlEQVR4nO2aa5eqOgyGJS2Uq9xBwcv//5dbm4JzjqAdsNS9dp5Ps2ZV+5o2aZtktyMIgiAIgiAIgiAIgiAIgiD+JRh3U4nLmW0tswBPWV8WsZNlWZKXPUs52Nb0DMBOtLHzH+JW3P//VTCvPzgTHHrvm7YAsD6fknkn79nXGJWL85zMO2fBbStEWFU/VCVF2dwoi+Txv7r6iuXn/ehDSRMJb8du7DwRNaPWuP8CpazPBsOFNx8f9+P9z3AwdVZZX312GqwZpk9mY2k4WPVk2aa8UkI6f1IJ8zs1wK5NwcN1z1p3JgaB26ohns0oxQsU0aTzY9IGlRYWTcobXNbm5QZkwyhrSiFAVzm/WVTA8yAJbC1+WkoBh3e7Dzy8B5QvNohJILrIaB6+jTwslGfCJbJjUtZKO+01th7fy6GtnWDqSZePdcwEkTRp4ZlXNTE5rqde1ME4Foc21l5FHb2bEas04pghfOnzmas32pVRv/TNapoCAhlzcl2h8glwsBBKlX/oLiaGCC3P+zAQycUUmjODkBvFhtBQuof+B+RwC26vhB51xx9J6Bv+NqG68QYCa0IxPOm6MUTWwpOQl7yz5rWdy8vzRTeafRAI5FlTa16GU/nEz61c8qWNMt2TSR4PZ7OKZqZufnEh+tXgDwORfNodtG4lrrzBJJbeIjIJctW5kLLqeh/bmdc0OTtmFnKdp0iOeQo7byYQteb06ifVFoKThOMzNHk3PwhMVLTWUiU+5j8L/6VS8DFDVVt4hygYnvdO+dJUHBMqzvtEhTkGDfsXl6jjXufXmCZV+fviOd2MsBTX3YktJZ4U4Cull2iqRgcqP3XT+Xofm4eJIUt/FvA/qzIYC1CJsF4XYdGg9NJWOz6U6YDxXdVeBp2RdZ131x/rYXHX9pHHXZd7Ud92Y/2ptunwD5jYOyNxUudFkdfJj0rz3v66I+BXmTPLtbLtRw/YMZgsguP2PH5JfwEA/KzaPpM13je0F4B3mrXmuPqtsC31Zs3ip/HQl9Cbfu7bpJkuQW4F88uHd8eHsqmiANwbEERVU+aXh9Q80sykmsANH6uet5XgjA1LDMAYD8Kmyx5GtXYr4c1ozi4M4Ll35KbWe7RxZKWdjQq8Hax1EDCrAcDrxp9jo2UHdsN5dKnmauBqJBfDDrGRw9+pO7Ozf+/PDNqr2smbK1UPOydutdqa+EmdCfnGi++qGrxW+uEOD5TSbV8kKvPhJPqdIkwopc2G8RTUO1nbnndYhB/SKJt/DFXVvv6uR2iwaW5K1vOM/XXRIvIKD4ityvag/KL89XyqFWGr7CPgdPWCRibM6jmlAVUTk6kH8mlBnGFYQN2mOAI9ntuL4qHKAbWbrD3u0IUdbAxD1IclTYH1bKdYmEpy0aQbxFK3WGPQ260PPdF8ysxFgy7/AjwsjJ+jqlZ7WuwNgP06xhtf0W3j5WUDVUPV6T9bBWZuuxUtYfgyMZ3XBX/1aa3OUcNXfewIy9bsMHaSp5Ph3nw0x6pbhaqhGr5C4U30sKYEB/gmXXYEa+NKT1jXXontnJ3ZSIqNDN0qR4Bug7MplftLt5FkGmwvSQwLjddHa9znpgOpd2dl9dWXX/IZPfPAfD5s0+8gCIIgCIIgCIIgCIIgCIIgCIIgCIIgCMI8fwCCkS5PIcwzgAAAAABJRU5ErkJggg==', now(), now());

-- User Agent for Acme ORG
INSERT INTO mlcppapp_test.agent
("id", "roleId", "orgId", "name", "email", "status", "photo", "created", "lastModified")
VALUES('55adee42-551e-11ed-bdc3-0242ac120002', 1001, 'cd0bcea6-551d-11ed-bdc3-0242ac120002', 'Acme User agent', 'ryanhendo+pp-acme-user@gmail.com', 'active', '', now(), now());

-- Archived Admin Agent for Acme ORG
INSERT INTO mlcppapp_test.agent
("id", "roleId", "orgId", "name", "email", "status", "photo", "created", "lastModified")
VALUES('71c0c4c4-551e-11ed-bdc3-0242ac120002', 1002, 'cd0bcea6-551d-11ed-bdc3-0242ac120002', 'Archived Acme Admin Agent', 'ryanhendo+pp-acme-archivedadmin@gmail.com', 'archived', '', now(), now());

-- Archived User Agent for Acme ORG
INSERT INTO mlcppapp_test.agent
("id", "roleId", "orgId", "name", "email", "status", "photo", "created", "lastModified")
VALUES('7af7f526-551e-11ed-bdc3-0242ac120002', 1001, 'cd0bcea6-551d-11ed-bdc3-0242ac120002', 'Archived Acme User Agent', 'ryanhendo+pp-acme-archiveduser@gmail.com', 'archived', '', now(), now());

-- User Agent for Pluto ORG
INSERT INTO mlcppapp_test.agent
("id", "roleId", "orgId", "name", "email", "status", "photo", "created", "lastModified")
VALUES('82de1ff4-551e-11ed-bdc3-0242ac120002', 1002, 'da0c67a0-551d-11ed-bdc3-0242ac120002', 'Acme Admin agent', 'ryanhendo+pp1-acme-admin@gmail.com', 'active', '', now(), now());

-- Admin Agent for Pluto ORG
INSERT INTO mlcppapp_test.agent
("id", "roleId", "orgId", "name", "email", "status", "photo", "created", "lastModified")
VALUES('896e965a-551e-11ed-bdc3-0242ac120002', 1004, 'da0c67a0-551d-11ed-bdc3-0242ac120002', 'Acme Admin agent', 'ryanhendo+pp-plutolaw-admin@plutolaw.com', 'active', '', now(), now());

-- User Agent for Pluto ORG
INSERT INTO mlcppapp_test.agent
("id", "roleId", "orgId", "name", "email", "status", "photo", "created", "lastModified")
VALUES('91f17acc-551e-11ed-bdc3-0242ac120002', 1003, 'da0c67a0-551d-11ed-bdc3-0242ac120002', 'Acme User agent', 'ryanhendo+pp-plutolaw-user@plutolaw.com', 'active', '', now(), now());

-- Archived Admin Agent for Pluto ORG
INSERT INTO mlcppapp_test.agent
("id", "roleId", "orgId", "name", "email", "status", "photo", "created", "lastModified")
VALUES('9a0da320-551e-11ed-bdc3-0242ac120002', 1004, 'da0c67a0-551d-11ed-bdc3-0242ac120002', 'Archived Acme Admin Agent', 'ryanhendo+pp-plutolaw-archivedadmin@plutolaw.com', 'archived', '', now(), now());

-- Archived User Agent for Pluto ORG
INSERT INTO mlcppapp_test.agent
("id", "roleId", "orgId", "name", "email", "status", "photo", "created", "lastModified")
VALUES('9f100a0c-551e-11ed-bdc3-0242ac120002', 1003, 'da0c67a0-551d-11ed-bdc3-0242ac120002', 'Archived Acme User Agent', 'ryanhendo+pp-plutolaw-archiveduser@plutolaw.com', 'archived', '', now(), now());

---------------------------------------------Client---------------------------------------------

--Active Client for Acme ORG
INSERT INTO mlcppapp_test.client
("id", "orgId", "name", "email", "status", "created", "lastModified","invitationId","meecoConnectionId","meecoUserId")
VALUES('42ad9896-551f-11ed-bdc3-0242ac120002', 'cd0bcea6-551d-11ed-bdc3-0242ac120002', 'Active Client', 'ryanhendo+pp-acme-activeclient@gmail.com', 'active', now(), now(),'d0fd5d9d-44e6-438a-b376-7ac563994ba1','65e754eb-d0c6-442a-808e-9ecd151fd572','87e0ec6d-f6b1-490d-80e3-28225aec32de');


INSERT INTO mlcppapp_test.client
("id", "orgId", "name", "email", "status", "created", "lastModified","invitationId","meecoConnectionId","meecoUserId")
VALUES('42ad9896-551f-11ed-bdc3-0242ac129999', 'cd0bcea6-551d-11ed-bdc3-0242ac120002', 'Active Client 1', 'ryanhendo+pp-acme-activeclient1@gmail.com', 'active', now(), now(),'d0fd5d9d-44e6-438a-b376-7ac563994cd2','65e754eb-d0c6-442a-808e-9ecd151fd888','87e0ec6d-f6b1-490d-80e3-28225aec3888');

--Archived Client for Acme ORG
INSERT INTO mlcppapp_test.client
("id", "orgId", "name", "email", "status", "created", "lastModified","invitationId","meecoConnectionId","meecoUserId")
VALUES('7a26a402-551f-11ed-bdc3-0242ac120002', 'cd0bcea6-551d-11ed-bdc3-0242ac120002', 'Archived Client', 'ryanhendo+pp-acme-archivedclient@gmail.com', 'archived', now(), now(), null,null,null);

--Cancelled Client for Acme ORG
INSERT INTO mlcppapp_test.client
("id", "orgId", "name", "email", "status", "created", "lastModified","invitationId","meecoConnectionId","meecoUserId")
VALUES('7f0b198a-551f-11ed-bdc3-0242ac120002', 'cd0bcea6-551d-11ed-bdc3-0242ac120002', 'Cancelled Client', 'ryanhendo+pp-acme-cancelledclient@gmail.com', 'cancelled', now(), now(),null,null,null);

--Pending Client for Acme ORG
INSERT INTO mlcppapp_test.client
("id", "orgId", "name", "email", "status", "created", "lastModified","invitationId","meecoConnectionId","meecoUserId")
VALUES('83bfb8fa-551f-11ed-bdc3-0242ac120002', 'cd0bcea6-551d-11ed-bdc3-0242ac120002', 'Pending Client', 'ryanhendo+pp-acme-pendingclient@gmail.com', 'pending', now(), now(),null,null,null);

--Active Client for Pluto ORG
INSERT INTO mlcppapp_test.client
("id", "orgId", "name", "email", "status", "created", "lastModified","invitationId","meecoConnectionId","meecoUserId")  
VALUES('882e78f4-551f-11ed-bdc3-0242ac120002', 'da0c67a0-551d-11ed-bdc3-0242ac120002', 'Active Client', 'ryanhendo+pp-plutolaw-activeclient@plutolaw.com', 'active', now(), now(),null,null,null);

--Archived Client for Pluto ORG
INSERT INTO mlcppapp_test.client
("id", "orgId", "name", "email", "status", "created", "lastModified","invitationId","meecoConnectionId","meecoUserId")
VALUES('8c6b0ae0-551f-11ed-bdc3-0242ac120002', 'da0c67a0-551d-11ed-bdc3-0242ac120002', 'Archived Client', 'ryanhendo+pp-plutolaw-archivedclient@plutolaw.com', 'archived', now(), now(),'d0fd5d9d-44e6-438a-b376-7ac563994ba1','65e754eb-d0c6-442a-808e-9ecd151fd572','87e0ec6d-f6b1-490d-80e3-28225aec32de');

--Cancelled Client for Pluto ORG
INSERT INTO mlcppapp_test.client
("id", "orgId", "name", "email", "status", "created", "lastModified","invitationId","meecoConnectionId","meecoUserId")
VALUES('e3e53a70-551f-11ed-bdc3-0242ac120002', 'da0c67a0-551d-11ed-bdc3-0242ac120002', 'Cancelled Client', 'ryanhendo+pp-plutolaw-cancelledclient@plutolaw.com', 'cancelled', now(), now(),null,null,null);

--Pending Client for Pluto ORG
INSERT INTO mlcppapp_test.client
("id", "orgId", "name", "email", "status", "created", "lastModified","invitationId","meecoConnectionId","meecoUserId")
VALUES('9036af30-551f-11ed-bdc3-0242ac120002', 'da0c67a0-551d-11ed-bdc3-0242ac120002', 'Pending Client', 'ryanhendo+pp-plutolaw-pendingclient@plutolaw.com', 'pending', now(), now(),null,null,null);

INSERT INTO mlcppapp_test.client
("id", "orgId", "name", "email", "status", "created", "lastModified","invitationId","meecoConnectionId","meecoUserId")
VALUES('1868f054-55be-11ed-bdc3-0242ac120002', 'cd0bcea6-551d-11ed-bdc3-0242ac120002', 'Pending Client', 'client-not-associated-with-agent@plutolaw.com', 'pending', now(), now(),null,null,null);

---------------------------------------------Agent Client---------------------------------------------

--Agent Client for Acme ORG
INSERT INTO mlcppapp_test.agentclient
("id", "agentId", "clientId", "created", "lastModified")
VALUES(1001, '353f8c6a-551e-11ed-bdc3-0242ac120002', '42ad9896-551f-11ed-bdc3-0242ac120002', now(), now());

INSERT INTO mlcppapp_test.agentclient
("id", "agentId", "clientId", "created", "lastModified")
VALUES(1002, '353f8c6a-551e-11ed-bdc3-0242ac120002', '7a26a402-551f-11ed-bdc3-0242ac120002', now(), now());

INSERT INTO mlcppapp_test.agentclient
("id", "agentId", "clientId", "created", "lastModified")
VALUES(1003, '353f8c6a-551e-11ed-bdc3-0242ac120002', '7f0b198a-551f-11ed-bdc3-0242ac120002', now(), now());

INSERT INTO mlcppapp_test.agentclient
("id", "agentId", "clientId", "created", "lastModified")
VALUES(1004, '353f8c6a-551e-11ed-bdc3-0242ac120002', '83bfb8fa-551f-11ed-bdc3-0242ac120002', now(), now());

INSERT INTO mlcppapp_test.agentclient
("id", "agentId", "clientId", "created", "lastModified")
VALUES(1005, '55adee42-551e-11ed-bdc3-0242ac120002', '42ad9896-551f-11ed-bdc3-0242ac120002', now(), now());

INSERT INTO mlcppapp_test.agentclient
("id", "agentId", "clientId", "created", "lastModified")
VALUES(1006, '55adee42-551e-11ed-bdc3-0242ac120002', '7a26a402-551f-11ed-bdc3-0242ac120002', now(), now());


--Agent Client for Pluto ORG
INSERT INTO mlcppapp_test.agentclient
("id", "agentId", "clientId", "created", "lastModified")
VALUES(1007, '55adee42-551e-11ed-bdc3-0242ac120002', '7f0b198a-551f-11ed-bdc3-0242ac120002', now(), now());

INSERT INTO mlcppapp_test.agentclient
("id", "agentId", "clientId", "created", "lastModified")
VALUES(1008, '55adee42-551e-11ed-bdc3-0242ac120002', '83bfb8fa-551f-11ed-bdc3-0242ac120002', now(), now());

--Agent Client for Pluto ORG
INSERT INTO mlcppapp_test.agentclient
("id", "agentId", "clientId", "created", "lastModified")
VALUES(1009, '896e965a-551e-11ed-bdc3-0242ac120002', '882e78f4-551f-11ed-bdc3-0242ac120002', now(), now());

INSERT INTO mlcppapp_test.agentclient
("id", "agentId", "clientId", "created", "lastModified")
VALUES(1010, '896e965a-551e-11ed-bdc3-0242ac120002', '8c6b0ae0-551f-11ed-bdc3-0242ac120002', now(), now());

INSERT INTO mlcppapp_test.agentclient
("id", "agentId", "clientId", "created", "lastModified")
VALUES(1011, '896e965a-551e-11ed-bdc3-0242ac120002', 'e3e53a70-551f-11ed-bdc3-0242ac120002', now(), now());

INSERT INTO mlcppapp_test.agentclient
("id", "agentId", "clientId", "created", "lastModified")
VALUES(1012, '896e965a-551e-11ed-bdc3-0242ac120002', '9036af30-551f-11ed-bdc3-0242ac120002', now(), now());

INSERT INTO mlcppapp_test.agentclient
("id", "agentId", "clientId", "created", "lastModified")
VALUES(1013, '91f17acc-551e-11ed-bdc3-0242ac120002', '882e78f4-551f-11ed-bdc3-0242ac120002', now(), now());

INSERT INTO mlcppapp_test.agentclient
("id", "agentId", "clientId", "created", "lastModified")
VALUES(1014, '91f17acc-551e-11ed-bdc3-0242ac120002', '8c6b0ae0-551f-11ed-bdc3-0242ac120002', now(), now());

INSERT INTO mlcppapp_test.agentclient
("id", "agentId", "clientId", "created", "lastModified")
VALUES(1015, '91f17acc-551e-11ed-bdc3-0242ac120002', 'e3e53a70-551f-11ed-bdc3-0242ac120002', now(), now());

INSERT INTO mlcppapp_test.agentclient
("id", "agentId", "clientId", "created", "lastModified")
VALUES(1016, '91f17acc-551e-11ed-bdc3-0242ac120002', '9036af30-551f-11ed-bdc3-0242ac120002', now(), now());

---------------------------------------------Client Term---------------------------------------------


-- Client Term (subscription monitoring)
INSERT INTO mlcppapp_test.clientterm 
("clientId","start","end","durationMonths",created,"createdBy",status) 
VALUES('42ad9896-551f-11ed-bdc3-0242ac129999', '2022-10-19 19:00:13.806', '2022-10-19 19:00:13.806', 12, '2022-10-19 19:00:13.806', NULL, 'active');

-- Client Term (subscription monitoring)
INSERT INTO mlcppapp_test.clientterm 
("clientId","start","end","durationMonths",created,"createdBy",status)
VALUES('42ad9896-551f-11ed-bdc3-0242ac120002', '2022-10-20 19:00:13.806', '2022-10-20 19:00:13.806', 12, '2022-10-20 19:00:13.806', NULL, 'expired');

-- Client Term (subscription monitoring)
INSERT INTO mlcppapp_test.clientterm 
("clientId","start","end","durationMonths",created,"createdBy",status) 
VALUES('8c6b0ae0-551f-11ed-bdc3-0242ac120002', '2022-10-19 19:00:13.806', '2022-10-19 19:00:13.806', 12, '2022-10-19 19:00:13.806', NULL, 'active');
---------------------------------------------Activities---------------------------------------------

--Activities for Acme ORG
INSERT INTO mlcppapp_test.activities
("id", "agentId", "clientId", "title", "name", "message", "section" )
VALUES(1001, '353f8c6a-551e-11ed-bdc3-0242ac120002', '42ad9896-551f-11ed-bdc3-0242ac120002', 'Test activity', 'test', 'test message', 'files/messages/client');

INSERT INTO mlcppapp_test.activities
("id", "agentId", "clientId", "title", "name", "message", "section" )
VALUES(1002, '55adee42-551e-11ed-bdc3-0242ac120002', '42ad9896-551f-11ed-bdc3-0242ac120002', 'Test activity', 'test', 'test message', 'files/messages/client');

--Activities for Pluto ORG
INSERT INTO mlcppapp_test.activities
("id", "agentId", "clientId", "title", "name", "message", "section" )
VALUES(1003, '896e965a-551e-11ed-bdc3-0242ac120002', '882e78f4-551f-11ed-bdc3-0242ac120002', 'Test activity', 'test', 'test message', 'files/messages/client');


--Unread messages for Acme ORG
INSERT INTO mlcppapp_test.unreadmessages
("id", "messageId", "orgId", "agentId", "clientId")
VALUES(1001, '1', 'cd0bcea6-551d-11ed-bdc3-0242ac120002', '353f8c6a-551e-11ed-bdc3-0242ac120002', '42ad9896-551f-11ed-bdc3-0242ac120002');

INSERT INTO mlcppapp_test.unreadmessages
("id", "messageId", "orgId", "agentId", "clientId")
VALUES(1002, '2', 'cd0bcea6-551d-11ed-bdc3-0242ac120002', '55adee42-551e-11ed-bdc3-0242ac120002', '42ad9896-551f-11ed-bdc3-0242ac120002');

INSERT INTO mlcppapp_test.unreadmessages
("id", "messageId", "orgId", "agentId", "clientId")
VALUES(1003, '3', 'cd0bcea6-551d-11ed-bdc3-0242ac120002', '353f8c6a-551e-11ed-bdc3-0242ac120002', '42ad9896-551f-11ed-bdc3-0242ac120002');
